{"cameraMode":{"drawMode":0,"name":"Shaded","section":"Shading Mode"},"sceneLighting":false,"audioPlay":false,"sceneViewState":{"showFog":true,"showMaterialUpdate":false,"showSkybox":true,"showFlares":true,"showImageEffects":true,"showParticleSystems":true},"in2DMode":false,"pivot":{"x":0.4784235954284668,"y":-0.08050012588500977,"z":-0.391568660736084},"rotation":{"x":-0.08139672875404358,"y":0.9109388589859009,"z":-0.21743574738502503,"w":-0.34100860357284548},"size":10.0,"orthographic":false}